url,name,address,city,state,phone
http://dicksoncotax.com/,Charlotte Tax,"îƒˆ6 Court Square, Charlotte, TN 37036",Charlotte,TN,î‚°(615) 789-3244
http://swallick.com/,Stephen Wallick & Associates,"îƒˆ313 E College St #4, Dickson, TN 37055",Dickson,TN,î‚°(615) 326-8299
https://www.henleytaxcpa.com/,Henley Accounting & Tax CPA PC,"îƒˆ218 Village Sq STE 100, Pleasant View, TN 37146",Pleasant View,TN,î‚°(615) 845-5525
https://www.swallick.com/,"Tuthill, CPA","îƒˆ307 N Main St A, Dickson, TN 37055",Dickson,TN,î‚°(615) 326-8299
http://englandcpa.com/,"David H England CPA & Consulting, PLLC","îƒˆ303 Center Ave, Dickson, TN 37055",Dickson,TN,î‚°(615) 446-6686
http://morrisryecpas.com/,Morris & Rye CPAs,"îƒˆ213 Church St, Dickson, TN 37055",Dickson,TN,î‚°(615) 446-8704
https://lindadstaxservice.square.site/,Linda Dâ€™s Income Tax and Accounting Service,"îƒˆ2714 Hwy 48 N, Dickson, TN 37055",Dickson,TN,î‚°(615) 789-5239
https://www.bcpas.com/,"Blankenship CPA Group, PLLC","îƒˆ308 E College St, Dickson, TN 37055",Dickson,TN,î‚°(615) 446-5106
http://www.vkdcpa.com/,"Valerie Kemp, Certified Public Accountant","îƒˆ106 Spring St, Ashland City, TN 37015",Ashland City,TN,î‚°(615) 792-1766
http://www.luppe.com/,"Franklin J Luppe, CPA, PLLC","îƒˆ6312 US-41 ALT #105, Pleasant View, TN 37146",Pleasant View,TN,î‚°(615) 746-4632
http://www.rrw-cpa.com/,"Weatherspoon & Page, CPAs","îƒˆ1517 TN-47 E, Dickson, TN 37055",Dickson,TN,î‚°(615) 446-3138
https://www.srhcpas.com/,"Stone, Rudolph & Henry, PLC","îƒˆ124 Center Pointe Dr, Clarksville, TN 37040",Clarksville,TN,î‚°(931) 648-4786
http://www.winchellcpa.com/,Winchell CPA & Advisory Services PLLC,"îƒˆ171 Belle Forest Cir # B, Nashville, TN 37221",Nashville,TN,î‚°(615) 662-2808
https://ata.net/nashville-tn,ATA,"îƒˆ909 Harpeth Valley Pl, Nashville, TN 37221",Nashville,TN,î‚°(615) 662-2727
https://www.watsoncpapllc.com/,Watson CPA PLLC,"îƒˆ1860 Wilma Rudolph Blvd Ste # 126-F, Clarksville, TN 37040",Clarksville,TN,î‚°(931) 241-5862
https://www.doeren.com/locations/clarksville-tn,Doeren Mayhew,"îƒˆ324 Franklin St, Clarksville, TN 37040",Clarksville,TN,î‚°(931) 552-7474
https://pageaccounting-cpa.com/,"Gina Page, CPA","îƒˆ1664 Golf Club Ln, Clarksville, TN 37043",Clarksville,TN,î‚°(931) 553-8373
http://www.sabsinc.com/,STRAIGHT ARROW BUSINESS SERVICES,"îƒˆ329 Halliburton Rd, Vanleer, TN 37181",Vanleer,TN,î‚°(931) 764-0049
http://mndaccounting.com/,MND Accounting,"îƒˆ3472 N Davidson St, Charlotte, NC 28205",Charlotte,NC,î‚°(980) 939-0939
http://hopkinspage.com/,"Hopkins, LeVan & Weatherspoon, PLLC","îƒˆ8118-A Sawyer Brown Rd, Nashville, TN 37221",Nashville,TN,î‚°(615) 673-1120
http://www.alliedtaxaccounting.com/,"Allied Tax & Accounting Consultants, LLC","îƒˆ10801 Johnston Rd STE 230, Charlotte, NC 28226",Charlotte,NC,î‚°(704) 676-1882
http://www.charlottetaxguy.com/,Accounting & Tax Services of Charlotte,"îƒˆ6701 Carmel Rd #303, Charlotte, NC 28226",Charlotte,NC,î‚°(980) 299-5011
http://www.charlotte-cpa.com/,"Edward P. Cooper, CPA, PC","îƒˆ6000 Fairview Rd #1200, Charlotte, NC 28210",Charlotte,NC,î‚°(704) 541-1363
https://www.holmesswafford.com/,Holmes & Swafford CPAs,"îƒˆ1982 Providence Pkwy #252, Mt. Juliet, TN 37122",Mt. Juliet,TN,î‚°(615) 758-5055
http://teamfinancials.com/,TEAM Financials CPA,"îƒˆ2332 Beatties Ford Rd, Charlotte, NC 28216",Charlotte,NC,î‚°(704) 412-4242
https://kmaccountant.com/,K & M Accounting and Tax Services L.L.C.,"îƒˆ15720 Brixham Hill Ave, Charlotte, NC 28277",Charlotte,NC,î‚°(704) 502-3960
https://cmccpatn.com/,"CMC, CPA, PC","îƒˆ1324 Fort Campbell Blvd, Clarksville, TN 37042",Clarksville,TN,î‚°(931) 266-0706
http://www.sherbertcpa.com/,"Sherbert CPA, PC","îƒˆ13777 Ballantyne Corporate Pl #325, Charlotte, NC 28277",Charlotte,NC,î‚°(704) 399-4455
http://www.tccpas.com/,Thurman Campbell Group: Kendra Bucciarelli CPA,"îƒˆ324 Spring St Suite B, Dover, TN 37058",Dover,TN,î‚°(931) 552-7474
https://www.carolinaaccounting.com/?utm_source=google&utm_medium=google_business_profile&utm_campaign=website_click,"Richard A. Beauchemin, CPA/Carolina Accounting & Tax Service, PLLC","îƒˆ5309 Monroe Rd, Charlotte, NC 28205",Charlotte,NC,î‚°(704) 419-8377
http://www.thewrightservices.com/,Wright Services,"îƒˆ7301 Kempton Ct, Fairview, TN 37062",Fairview,TN,î‚°(615) 478-0091
https://office.jacksonhewitt.com/tax-preparation-services-locations/en/tn/nashville/7044-charlotte-pike/50659?utm_source=google&utm_medium=local&utm_campaign=local&utm_content=50659,Jackson Hewitt Tax Service,"îƒˆ7044 Charlotte Pike, Nashville, TN 37209",Nashville,TN,î‚°(615) 352-5410
https://www.cbh.com/locations/cpa-accounting-firm-in-nashville-tennessee/?utm_source=google&utm_medium=organic&utm_campaign=gmb-nashville-tn&utm_content=website-button,Cherry Bekaert,"îƒˆ222 2nd Ave S Ste 1240, Nashville, TN 37201",Nashville,TN,î‚°(615) 383-6592
http://www.hnaallabouttaxes.com/,H&A Taxes Bookkeeping & Payroll Services,"îƒˆ420 Madison St B-4, Clarksville, TN 37040",Clarksville,TN,î‚°(931) 346-9202
https://www.mytaxladync.com/,My Tax Lady,,Charlotte,TN,î‚°(980) 345-9600
https://www.cbh.com/locations/cpa-accounting-firm-in-charlotte-nc/?utm_medium=organic&utm_campaign=gmb-charlotte-nc&utm_content=website-button,Cherry Bekaert,"îƒˆ1111 Metropolitan Ave #900, Charlotte, NC 28204",Charlotte,NC,î‚°(704) 377-1678
http://www.cmacpa.net/,Crowe-Mallette & Associates (TN),"îƒˆ4710 Hixson Pike, Hixson, TN 37343",Hixson,TN,î‚°(423) 664-8929
http://www.meacpas.com/,McLeod Everett & Associates PLC,"îƒˆ1500 Madison St, Clarksville, TN 37040",Clarksville,TN,î‚°(931) 648-4445
https://www.verdantvalleysolutions.net/,Verdant Valley Solutions LLC,"îƒˆ1085 Chickadee Trail, Kingston Springs, TN 37082",Kingston Springs,TN,î‚°(937) 269-8950
http://www.edanielmillercpa.com/,"E. Daniel Miller, CPA, PC","îƒˆ6000 Fairview Rd #104, Charlotte, NC 28210",Charlotte,NC,î‚°(704) 565-9923
https://carolinaaccounting.com/,Carolina Accounting,"îƒˆ5309 Monroe Rd, Charlotte, NC 28205",Charlotte,NC,î‚°(704) 375-2715
http://www.jimenezconsultingtaxservices.com/,Jimenez Consulting & Tax Services,"îƒˆ2225 Lowes Dr, Clarksville, TN 37040",Clarksville,TN,î‚°(931) 802-8620
http://www.juddcpas.com/,"Judd & Associates, CPAs","îƒˆ115A Hatcher Ln, Clarksville, TN 37043",Clarksville,TN,î‚°(931) 905-0520
http://www.encompassfinancialservices.net/,"Encompass Financial Services, Inc.","îƒˆ1835 Memorial Dr, Clarksville, TN 37043",Clarksville,TN,î‚°(931) 919-2543
https://www.bakerlawgrp.com/,Baker Law Group PLLC,"îƒˆ9 Court Square, Charlotte, TN 37036",Charlotte,TN,î‚°(615) 789-3164
http://www.husbandscpa.com/,Husbands CPA,"îƒˆ1190 TN-100, Centerville, TN 37033",Centerville,TN,î‚°(931) 729-4346
http://www.fisheraccountants.com/?utm_source=GoogleMyBusiness&utm_medium=Google&utm_term=Charlotte&utm_campaign=GoogleMyBusinessListing,"Fisher, P.A. A CPA Firm","îƒˆ1108 East Blvd, Charlotte, NC 28203",Charlotte,NC,î‚°(704) 332-7800
https://love-cpa.com/,"David Love, CPA","îƒˆ8514 McAlpine Park Dr #290, Charlotte, NC 28211",Charlotte,NC,î‚°(704) 688-5995
https://www.charlottetaxpreparationservice.com/,Perry G. Walker Accounting & Tax Service,"îƒˆ10223 University City Blvd D, Charlotte, NC 28213",Charlotte,NC,î‚°(704) 621-4586
http://www.ymmbt.com/,Your Money Matters Books & Taxes Inc,"îƒˆ10038 TN-46, Bon Aqua, TN 37025",Bon Aqua,TN,î‚°(931) 996-4323
https://www.hrblock.com/tax-office-near-me/tennessee/dickson/18019/?otppartnerid=9308&campaignid=pw_mcm_9308_9762&utm_medium=local,H&R Block,"îƒˆ93 Mathis Dr, Dickson, TN 37055",Dickson,TN,î‚°(615) 446-6718
https://www.libertytax.com/12026,Liberty Tax,"îƒˆ418 TN-46 Suite D, Dickson, TN 37055",Dickson,TN,î‚°(615) 375-3577
https://www.rosstaxaccounting.com/?utm_source=google&utm_medium=google_business_profile&utm_campaign=website_click,Ross Tax & Accounting Co.,"îƒˆ6701 Carmel Rd Ste 114, Charlotte, NC 28226",Charlotte,NC,î‚°(704) 341-9611
https://www.greerwalker.com/?utm_source=local&utm_medium=organic&utm_campaign=GMB,GreerWalker CPAs & Advisors,"îƒˆ227 W Trade St #1100, Charlotte, NC 28202",Charlotte,NC,î‚°(704) 377-0239
http://www.parsonscpa.com/,"Parsons CPA, PLLC","îƒˆ922 East Blvd, Charlotte, NC 28203",Charlotte,NC,î‚°(704) 332-4000
https://www.langeaccounting.com/,Lange Accounting & Financial Services,"îƒˆ407 Church St Unit 1, Franklin, TN 37064",Franklin,TN,î‚°(615) 716-9551
https://www.gramlingcpa.com/,"Thomas M Gramling, CPA, INC","îƒˆ7209 Haley Industrial Dr Suite 220, Nolensville, TN 37135",Nolensville,TN,î‚°(615) 697-2122
https://www.clcpa.com/,"Chad Lundgren, CPA, LLC","îƒˆ111 Donelson Pike, Nashville, TN 37214",Nashville,TN,î‚°(615) 437-9837
https://gdwcpas.com/,"Gammon, Drueck & Watson CPAs, PLLC","îƒˆ3618 N Mt Juliet Rd B, Mt. Juliet, TN 37122",Mt. Juliet,TN,î‚°(615) 758-0481
http://www.simscpa.com/,Sims CPA Consulting,"îƒˆ1515 Charleston Park Dr, Spring Hill, TN 37174",Spring Hill,TN,î‚°(615) 435-9131
https://www.sboyarcpa.com/,"Scott Boyar, CPA, PLLC","îƒˆ5200 Park Rd, Charlotte, NC 28209",Charlotte,NC,î‚°(704) 527-2725
http://jonacevedocpa.com/,"Jon Acevedo, CPA",,Charlotte,TN,
https://www.hrblock.com/tax-office-near-me/tennessee/dickson/18040/?otppartnerid=9308&campaignid=pw_mcm_9308_9762&utm_medium=local,H&R Block,"îƒˆ102 E College St, Dickson, TN 37055",Dickson,TN,î‚°(615) 446-7713
https://forensicaccountingcorp.com/locations/nashville,Forensic Accounting Corp,"îƒˆ6339 Charlotte Pike #2024, Nashville, TN 37209",Nashville,TN,î‚°(615) 296-0630
https://www.evanhcpa.com/,"Evan Hutcheson, CPA, LLC","îƒˆ5741 Knob Rd, Nashville, TN 37209",Nashville,TN,î‚°(615) 727-2295
http://www.pn-cpas.com/,Puryear & Noonan CPAs,"îƒˆ40 Burton Hills Blvd Ste 170, Nashville, TN 37215",Nashville,TN,î‚°(615) 296-0500
http://www.comperecpagroup.com/,"Compere CPA Group, Inc.","îƒˆ14981 Old Hickory Blvd, Nashville, TN 37211",Nashville,TN,î‚°(615) 781-3007
https://www.linkedin.com/in/lanceshelbycpa/,"Shelby CPAs, PLLC","îƒˆ249 4th Ave N, Franklin, TN 37064",Franklin,TN,î‚°(615) 473-0013
https://darkhorse.cpa/locations/nashville-cpa-firm/,Dark Horse CPAs,"îƒˆ1316 Adams St Ste Suite #220, Nashville, TN 37208",Nashville,TN,î‚°(615) 673-4160
https://globalcpatax.com/,Global CPAS & Associates PLLC,"îƒˆ3921 Apache Trail Unit 2, Antioch, TN 37013",Antioch,TN,î‚°(615) 331-9722
http://www.fmccpa.com/,"FMC CPAs, PLLC","îƒˆOne American Center, 3100 West End Ave # 700, Nashville, TN 37203",Nashville,TN,î‚°(615) 292-3011
https://www.hildrethcpa.com/,Hildreth & Associates CPA,"îƒˆ40 Burton Hills Blvd #200, Nashville, TN 37215",Nashville,TN,î‚°(615) 369-6344
http://www.gloverandglovercpas.com/,Glover & Glover CPAs,"îƒˆ206 Wilson Pike Cir, Brentwood, TN 37027",Brentwood,TN,î‚°(615) 370-0341
